"Your order has been placed succesfully.","Uw bestelling is succesvol geplaatst."
"Payment fee","Betaaltoeslag"
"Buckaroo","Buckaroo"
"Version & Support","Versie & Ondersteuning"
"General Configuration","Algemene Instellingen"
"Enabled","Ingeschakeld"
"Payment modus","Betaal modus"
"Secret key","Secret key"
"(Merchant) key","(Merchant) key"
"Certificate file","Certificate bestand"
"Certificate thumbprint","Certificate thumbprint"
"Transaction label","Transactie label"
"iDEAL","iDEAL"
"Frontend label","Label aan de voorkant"
"Frontend sort order","Sortering aan de voorkant"
"Show advanced options","Toon de geavanceerde opties"
"Payment fee enabled","Betaaltoeslag ingeschakeld"
"Payment fee","Betaaltoeslag"
"Payment fee frontend label","Betaaltoeslag label aan de voorkant"
"Buckaroo Payment fee", "Buckaroo betaaltoeslag"
"Method specific status enabled","Methode specifieke status ingeschakeld"
"Method specific success status","Methode specifieke 'success' status"
"Method specific failed status","Methode specifieke 'failed' status"
"Allowed currencies","Geaccepteerde valuta"
"Payment from applicable countries","Land toegestaan voor betaling"
"Payment from Specific Country","Betaling van specifieke landen"
"Display only for selected IP's","Toon alleen voor specifieke IP's"
"Achteraf betalen","Achteraf betalen"
"Max order amount (in Base Currency)","Max order bedrag (in basis munteenheid)"
"Number of days between order and invoice","Dagen tussen order en factuur"
"Send payment email","Verstuur betaalopties email"
"Allowed payment methods","Geaccepteerde betaalmethodes"
"American Express","American Express"
"MasterCard","MasterCard"
"Set no SecureCode orders onhold","Plaats niet SecureCode orders 'onhold'"
"eMaestro","eMaestro"
"Method specific pending status","Methode specifieke 'pending' status"
"Visa","Visa"
"Set no 3D Secure orders onhold","Plaats niet 3D Secure orders 'onhold'"
"Visa Electron","Visa Electron"
"V PAY","V PAY"
"PayPal","PayPal"
"Overboeking","Overboeking"
"Send payment instruction email","Stuur een email met betaalinstructies"
"Use credit management","Gebruik 'credit management'"
"Invoice delay (in days)","Factuur vertraging (in dagen)"
"Due date (in days)","Verloop van termijn (in dagen)"
"Max reminder level","Max niveau van herinnering"
"Eenmalige machtiging","Eenmalige machtiging"
"èM! Payment","èM! Payment"
"paysafecard","paysafecard"
"Bancontact / Mister Cash","Bancontact / Mister Cash"
"sofortbanking","sofortbanking"
"giropay","giropay"
"Cadeaukaarten","Cadeaukaarten"
"Allowed giftcards","Geaccepteerde Cadeaukaarten"
"PayperEmail","PayperEmail"
"online giro","online giro"
"Refunding","Refunding"
"Push Payment Plaza refunds to Magento","Accepteer Payment Plaza refunds in Magento"
"Certificate Management","Certificate Beheer"
"Certificate label","Certificate label"
"Upload your Buckaroo private key certificate","Upload uw Buckaroo 'private key certificate'"
"Advanced Configuration","Geavanceerde opties"
"Tax class for payment fee","btw tarief voor betaaltoeslag"
"New status","Nieuw status"
"Pending payment status","Betaling open status"
"Payment success status","Betaling geslaagd status"
"Payment failed status","Betaling mislukt status"
"Send transactional invoice email","Verstuur transactionele factuur mail"
"Create invoice after success","Maak een invoice aan na 'success'"
"Redirect url after 'Success'","Redirect url na 'Success'"
"Redirect url after 'Failure'","Redirect url na 'Failure'"
"Canceled' state on failed payment","Canceled' state bij mislukte betalingen"
"Display Buckaroo updates on finalized orders","Toon Buckaroo updates bij orders afgesloten orders"
"Debug email","Debug email"
"Forced empty shopping cart","Geforceerd winkelwagen legen"
"Enable or disable the Buckaroo module.","Schakel de module in of uit."
"! Test transactions are registered in Payment plaza !","! Test transactie worden in Payment Plaza geregistreerd !"
"Enter your Buckaroo Secret Key.","Voeg uw Buckaroo 'Secret Key' toe."
"Enter your Buckaroo merchant/website key.","Voeg uw Buckaroo merchant/website key toe."
"Upload certificates at the certificate management tab.","Upload uw certificaat via de tab certificaat beheer."
"The thumbprint and certificate should form a pair.","De 'thumbprint' en certificaat moeten een paar vormen."
"The transaction description in Payment Plaza.","De omschrijving van de transactie in Payment Plaza."
"Enable or disable this payment method.","Schakel de betaalmethode in of uit."
"Determines the frontend label shown.","De waarde zoals deze aan de voorkant wordt getoond."
"Determines the sorting of payment methods.","Bepaalt de volgorde van de betaalmethodes aan de voorkant."
"Enable or disable payment fee.","Schakel de betaaltoeslag in of uit."
"Fee for using this payment method.","Toeslag voor het gebruik van de betaalmethode."
"Enable or disable specific status.","Schakel specifieke status in of uit."
"Leave empty to use default 'success' status.","Laat de selectie leeg voor de standaard 'success' status."
"Leave empty to use default 'failed' status.","Laat de selectie leeg voor de standaard 'failed' status."
"Select payment method specific currencies.","Selecteer specifieke valuta voor de betaalmehtode."
"Only available when set to 'specific countries'.","Alleen beschikbaar bij de selectie 'specifieke landen'."
"Show method only to Magento set IP's.","Toon alleen voor specifieke IP's ingesteld bij Magento."
"Maximum order amount allowed.","De betaalmethode wordt niet getoond boven max. bedrag."
"Maximum days of delay 30.","Het maximaal termijn van uitstel, is 30 dagen. "
"Buckaroo sends an email to the customer with the payment procedures.","Vanuit Buckaroo wordt een email verstuurd met de betaal instructies."
"Select payment methods for settling paymentguarantee.","Selecteer de betaalmethodes voor het afhandelen van betaalgarant."
"Hold orders which have no MasterCard SecureCode.","Orders zonder MasterCard SecureCode worden 'onhold' gezet."
"Leave empty to use default 'pending' status.","Laat de selectie leeg voor de standaard 'pending' status."
"Hold orders which are not 3D Secure.","Orders zonder 3D Secure by Visa worden 'onhold' gezet."
"Buckaroo sends payment reminders to the customer.","Buckaroo verstuurt betaal herinneringen naar de klant."
"Specify the amount of days before Buckaroo invoices the order and sends out the payment mail.","Geef aan hoeveel dagen tussen de bestelling en betaalverzoek."
"Specify the number of days the customer has to complete their payment before the first reminder e-mail will be sent by Buckaroo.","Geef aan binnen welke periode de klant de betaling moet hebben voldaan."
"Select the maximum reminder level buckaroo will use.","Selecteer het maximale niveau van herinnering die Buckaroo toepast."
"Select which giftcards are available to the customer","Selecteer de cadeaukaarten die aan de klant worden aangeboden."
"Enable or disable refunding.","Schakel de creditering/terugstorten in of uit. "
"Allow 2-way refunding from Magento and Payment Plaza.","Verwerk 'refunding' vanuit zowel Magento als Payment Plaza. "
"Enter a name for the certificate. This is purely administrative.","Voeg een naam toe aan het certificaat ter herkenning."
"Select which tax class should be used for the Buckaroo Fee.","Selecteer welk btw tarief wordt toegepast op de Buckaroo betaaltoeslag."
"This status will be given to new orders.","Deze status wordt toegekend bij nieuwe orders."
"This status will be given to orders pending payment.","Deze status wordt toegekend bij orders die in afwachting zijn van betalen."
"This status will be given to orders paid.","Deze status wordt toegekend bij betaalde orders."
"This status will be given to unsuccessful orders.","Deze status wordt toegekend bij niet geslaagde orders."
"Send a mail after successful payment.","Stuur een email na een geslaagde betaling."
"If set to 'No' the order is not invoiced.","Als 'Nee' is geselecteerd wordt er geen invoice aangemaakt in Magento."
"Redirect after successful payments.","Redirect URL na een geaccepteerde betaling."
"Redirect after failed payments.","Redirect URL na een afgeweze betaling."
"Orders will stay open after failed payments.","Orders worden niet geannuleerd na een afgewezen betaling. "
"Register all Buckaroo updates.","Alle updates vanuit Buckaroo aan de order comment toevoegen."
" Transaction data send as raw data.","De email bevat de onbewerkte data."
"Show module only for Magento set IP's.","Toon de module alleen voor Magento IP specifiek. "
"Overrule settings to always empty related cart after payment.","Overschrijf instellingen voor het altijd legen van de winkelwagen na de betaling. "
"Selecting 'No' will overrule all individual settings.","Selecteer 'Nee' voor het overschrijven van alle individuele instelingen."
"Buckaroo can support a seperate environment. Contact Buckaroo for the conditions.","Neem contact op met Buckaroo voor extra mogelijkheden."
"The Secret Key can be retrieved in Payment Plaza under the configuration tab. For support contact Buckaroo.","De 'Secret Key' staat weergegeven in Payment Plaza onder de configuratie tab."
"The (Merchant) Key can be retrieved in Payment Plaza under the profile tab. For support contact Buckaroo.","De '(Merchant)Key' staat weergegeven in Payment Plaza onder de profile tab."
"The certificate can be retrieved in Payment Plaza under the profile tab. For support contact Buckaroo.","Het certificaat kan worden opgehaald in Payment Plaza onder de profile tab."
"The certificate thumbprint can be retrieved in Payment Plaza under the profile tab. For support contact Buckaroo.","Het 'certificate thumprint staat weergegeven in Payment Plaza onder de profile tab."
"In order to use a set amount, please enter it as a number (i.e. 1.5). In order to use a percentage, please enter a number followed directly by the percentage sign (i.e. 5%).","Voor het gebruik van een vaste waarde selecteer een getal (vb 0.5) voor percentage selecteer een getal en aansluitend een % teken (vb 1.2%)."
"This label will be shown in all order overviews where this payment fee is used.","Het label dat wordt gebruikt voor het weergeven van de kosten."
"To make a new status available it needs to be assigned to the correct state. See Magento documentation about state and status.","Voor het toewijzen van een status moet deze aan de juiste staat zijn toegekend. Raadpleeg Magento documentatie voor 'status' en 'state'."
"Your contract with Buckaroo must allow for the selected currencies to be used with this payment method.","De beschikbare valuta is afhankelijk van het contract met Buckaroo."
"Magento developer client restrictions.","Magento developer klant restricties"
"The payment method show only for orders with an order amount smaller then the maximum amount.","De betaalmethode wordt alleen getoond bij orders met een totaal onder de maximale orderwaarde. "
"After invoicing the customer has 14 days before the payment reminder.","De klant heeft standaard 14 dagen voor de reminder. "
"Set to 'No' leaves the customer uninformed on the payment obligations.","Bij de selectie 'Nee' wordt de klant niet op de hoogte gesteld van de betaalverplichting."
"Set to 'No' the customer is informed once online.","Bij de selectie 'Nee' wordt de klant eenmalig geinfomreerd na het afronden van de order. "
"Contact Buckaroo before activating Credit Management. By default this is excluded in the contract. ","Voor het gebruik van credit management moet dit actief zijn in uw Buckaroo contract."
"The payment method show only for orders with an order amount smaller then the maximum amount.                            ","De betaalmethode wordt alleen getoond bij orders met een totaal onder de maximale order waarde. "
"These options are only intended for expert users. Tampering with the default settings may negatively affect the workflow and performance of all Buckaroo payment methods. Use at your own risk.","Deze instellingen zijn enkel bedoeld voor expert gebruikers. Het aanpassen van deze instellingen kan de werking van de module en de webshop negatief beïnvloeden. Gebruik op eigen risico."
"Set to 'No' refunds must be done manualy in Payment Plaza.","Bij de selectie 'Nee' worden credit memo's in Magento niet aangeboden bij Payment Plaza."
"Must be a 'high VAT' tax class.","Moet het hoge btw tarief zijn. "
"Account name","Naam Rekeninghouder"
"Account number","Bankrekeningnummer"
"Please enter these fields as they appear on your bankaccount.","Voer uw gegevens in zoals bekend bij uw bank."
"Bank identification","Bank identificatie"
"Bank account holder","Naam Rekeninghouder"
"Account holder","Naam Rekeninghouder"
"You will be redirected to the èM! Payment website to finalize your payment.","Na het plaatsen van uw order wordt u doorverwezen naar èM! Payment."
"Bankleitzahl","Bankleitzahl"
"Please, choose your bank","Selecteer uw bank"
"Name","Naam"
"Billing name","Naam op factuuradres"
"Mr.","Heer"
"Mrs.","Mevrouw"
"Miss.","Mevrouw"
"E-mail address","E-mail adres"
"You will receive an email with further payment instructions when you place your order.","Na het plaatsen van uw order ontvangt u een email met de gegevens voor betaling."
" (Excl. Tax)"," (Excl. btw)"
" (Incl. Tax)"," (Incl. btw)"
"Salutation","Aanhef"
"Bank account number","IBAN"
"Date of birth","Geboortedatum"
"Date of Birth","Geboortedatum"
"Day","Dag"
"DD","DD"
"Month","Maand"
"MM","MM"
"Year","Jaar"
"YYYY","JJJJ"
"Please make sure all fields are filled in correctly before proceeding.","LET OP: Controleer of alle gegevens volledig en correct zijn ingevuld voor u de order plaatst."
"Yes","Ja"
"No","Nee"
"First name","Voornaam"
"Last name","Achternaam"
"BPE 3.0 version","BPE 3.0 versie"
"Quick reference guide","Eerste stappen"
"Log in to the ","Log in bij"
"Buckaroo Payment Plaza","Buckaroo Payment Plaza"
" to collect the following security settings:"," om de volgende beveiligingsgegevens te verzamelen:"
"(Merchant) Key - Profile &rarr; Websites &rarr; Key.","(Merchant) Key - Profile &rarr; Websites &rarr; Key."
"Secret Key - Configuration &rarr; Secret key for Digitale signature &rarr; Secret Key.","Secret Key - Configuration &rarr; Secret key for Digitale signature &rarr; Secret Key."
"Certificate - Configuration &rarr; Manage certificates (BPE 3.0).","Certificate - Configuration &rarr; Manage certificates (BPE 3.0)."
"Certificate Thumbprint - Configuration &rarr; Manage certificates (BPE 3.0).","Certificate Thumbprint - Configuration &rarr; Manage certificates (BPE 3.0)."
"Upload the Certificate to the Magento database under the Certificate Management tab.","Upload het Certificaat naar de Magento database via de Certificate beheer tab."
"Give a name which is used for storing the certificate.","Geef een naam voor het opslaan in de database."
"Select the certificate file to upload and Save Config.","Selecteer het certificaat bestand."
"Enter the collected Merchant- &amp; Secret Key under the Base Configuration tab.","Voer uw Merchant- &amp; Secret Key in onder de Algemene instellingen tab."
"After adding the keys Save Config.","Sla na de invoer de instellingen op."
"Select the uploaded certificate from the dropdown.","Selecteer het certificaat bestand in de dropdown."
"Add the corresponding thumbprint and Save Config.","Voer de corresponderende thumbprint in en sla instellingen op."
"Configure and enable the individual payment methods.","U kunt nu de individuele betaalmethodes instellen."
"Payment method specific settings are set under the corresponding tab.","De instellingen van de individuele betaalmethodes staan onder de gelijknamige tab."
"Payment methods must be enabled within Buckaroo and Magento.","Activeer alleen betaalmethodes die ook actief zijn in uw contract."
"Contact Buckaroo support for activating or availale payment methods.","Neem contact op met Buckaroo voor beschikbare of active betaalmethodes."
"Enable the module and select the Test or Live modus.","Schakel de module in en kies voor live of test"
"The module has many options to adapt to your business rules.","De module heeft veel opties om aan te passen naar uw specifieke wens."
"The manual gives more detailed information per subject.","In de handleiding vindt u meer details."
"The scope of the individual setting is presented as [GLOBAL], [WEBSITE] or [STOREVIEW].","De scoop van de individuele instelling zijn weergegeven als  [GLOBAL], [WEBSITE] or [STOREVIEW]."
"Legend","Legenda"
"Payment method - Disabled","Betaalmethode - Uitgeschakeld"
"Payment method - Test Modus","Betaalmethode - Test"
"Payment method - Live Modus","Betaalmethode - Live"
"Advanced Configuration","Geavanceerde instelling"
"Magento &amp; 3rd party version compatibility","Magento &amp; 3rd party versie compatibiliteit"
"Magento Community Edition version","Magento Community Edition versie"
"Magento Enterprise Edition version","Magento Enterprise Edition versie"
"OneStepCheckout version","OneStepCheckout versie"
"Support","Support"
"This extension is developed by TIG, commissioned by Buckaroo.","Deze extensie is ontwikkeld door TIG in opdracht van Buckaroo."
"Module basic configuration and account information","Algemene instellingen en accountgegevens."
"Acquire your (Merchant) key, Secret key, certificate and certificate thumbprint prior contacting Buckaroo technical support:","Voor ondersteuning bij het instellen van uw accountgegevens neem contact op met Buckaroo:"
"Buckaroo Payment Plaza:","Buckaroo Payment Plaza:"
"Phone:","Telefoon:"
"E-mail:","E-mail:"
"Extension support and advanced configuration","Extensie support en geavanceerde configuratie"
"For Magento related support, feature requests or reporting bugs contact TIG:","Voor Magento gerelateerde vragen, wensen voor nieuwe features of het melden van bugs, neem contact op met TIG:"
"Request support:","Support aanvragen:"
"Misc. questions by email:","Overige vragen per e-mail:"
"Online documentation and FAQ:","Online documentatie en FAQ:"
"Documentation","Documentatie"
"A list of documents regarding the module.","Een lijst van documenten met betrekking tot de module."
"Download a PDF format of the manual. Currently the manual is only available in Dutch.","Installatie en configuratie handleiding. Alleen in het Nederlands beschikbaar"
"buckaroo magent bpe3 v4.0.4.pdf (NL)","buckaroo magent bpe3 v4.0.4.pdf (NL)"
"All Allowed Countries","Alle landen toestaan"
"Specific Countries","Specifieke landen"
"Frontend","Voorkant"
"Backend","Achterkant"
"Frontend and Backend","Voor- en Achterkant"
"Use for Backend and/or Frontend","Gebruik aan de voor- en achterkant"
"Enable or disable advanced options.","Schakel de geavanceerde opties in of uit."
"Method specific SecureCode success status","Methode specifieke SecureCode 'success' status"
"Method specific 3D Secure success status","Methode specifieke 3D secure 'success' status"
"Your payment was unsuccessful. Please try again or choose another payment method.","Uw betaling was niet succesvol. Probeer het s.v.p. opnieuw of kies een andere betaalmethode."
"Service version used","Gebruikte versie betaalservice"
"Select which version of the payment service to use.","Selecteer welke versie van de betaalservice gebruikt moet worden."
"Version 1 is the old version of IDEAL. Version 2 is the new SEPA version. Please contact Buckaroo for more information.","Versie 1 is de oude versie. Versie 2 is de nieuwe SEPA versie. Neem s.v.p. contact op met Buckaroo voor verdere informatie."
"You have not yet uploaded any certificate files.","U heeft nog geen certificaat bestanden geüpload."
"No certificate selected.","Geen certificaat geselecteerd."
"Buckaroo refunding is currently disabled in the configuration menu.","Buckaroo refunding is momenteel uitgeschakeld in het configuratie menu."
"Not enough paid: %s has been transfered. Order grand total was: %s.","Niet genoeg betaald: %s is betaald. Totaalbedrag was %s."
"Too much paid: %s has been transfered. Order grand total was: %s.","Te veel betaald: %s is betaald. Totaalbedrag was %s."
"Fee value is improperly formatted. Fee must be a positive number or a percentage with a single decimal seperator.","De toeslag waarde is incorrect. De toeslag moet een positief getal of percentage zijn met een punt als decimaal schijdingsteken."
"%s fee","%s toeslag"
"You have the Klarna Paymentmodule installed in your shop. Unfortunately the Buckaroo fee functionality does not work alongside this module. Therefore the Buckaroo fee functionality has been disabled. Please deactivate the Klarna module to use this functionality again. Please take a look at our <a href='%s' target='_blank'>knowledge base</a> for more information.","Let op: De Buckaroo betaaltoeslag functionaliteit is momenteel gedeactiveerd! Uit onze controle blijkt dat u de Klarna PaymentModule actief heeft staan in uw webwinkel. Hierdoor kan de Buckaroo betaaltoeslag niet worden geactiveerd. Om van deze functionaliteit gebruik te maken dient u eerst de Klarna module te deactiveren, daarna zal de Buckaroo betaaltoeslag functionaliteit automatisch beschikbaar worden. Zie voor meer informatie onze <a href='%s' target='_blank'>knowledge base</a>."
"installation manual buckaroo bpe3 %s.pdf (NL)","Installatie en configuratie handleiding (NL)"
"Yes, I accept the %sterms and condition%s for the use of Payment Guarantee.","Ja, ik accepteer de %saanvullende voorwaarden%s van Achteraf Betalen."
"Yes, I accept the %sterms and condition%s for the use of Afterpay.","Ja, ik accepteer de %saanvullende voorwaarden%s van Afterpay."
"Customer accepted terms and conditions.'","Klant heeft de algemene voorwaarden geaccepteerd."
"Customer did NOT accept the terms and conditions.","Klant heeft de algemene voorwaarden NIET geaccepteerd."
"Please accept the terms and conditions.","Accpeteer s.v.p. de algemene voorwaarden."
"Sieraden en Horloges Cadeaukaart","Sieraden en Horloges Cadeaukaart"
"First Name","Voornaam"
"Last Name","Achternaam"
"Telephone","Telefoonnummer"
"Enter the following URL under profile -> Websites -> Push settings -> Push URI Success & Failure: %s","Vul de volgende URL in onder Profile -> Websites -> Push settings -> Push URI Success & Failure: %s"
"Buckaroo returned the following error: %s","Buckaroo heeft de volgende foutmelding teruggestuurd: %s"
"View the complete changelog of the module. Currently the changelog is only available in Dutch.","Bekijk de volledige lijst van veranderingen in de module. Momenteel enkel beschikbaar in het Nederlands."
"full changelog","volledig overzicht van veranderingen"
"The payment request has been received by Buckaroo.","Het betalingsverzoek is door Buckaroo ontvangen."
"A technical error has occurred.","Er is een technische fout opgetreden."
"The payment request has been denied by Buckaroo.","Het betalingsverzoek is geweigerd door Buckaroo."
"The payment request has been successfully received by Buckaroo.","Het betalingsverzoek is geaccepteerd door Buckaroo."
"Customer is being redirected to Buckaroo. Url: %s","De klant wordt doorgestuurd naar Buckaroo om de betaling af te ronden. Url: %s"
"Buckaroo has sent the following response: %s","Buckaroo heeft de volgende response gestuurd: %s"
"Merchant is protected by PayPals Seller Protection Policy for both Unauthorized Payment and Item Not Received","Voor deze bestelling geldt een volledige verkopersbescherming"
"Merchant is protected by Paypals Seller Protection Policy for Item Not Received","Voor deze bestelling geldt een verkopersbescherming voor niet ontvangen goederen"
"Merchant is protected by Paypals Seller Protection Policy for Unauthorized Payment","Voor deze bestelling geldt een verkopersbescherming voor ongeauthoriseerde betaling"
"Merchant is not protected under the Seller Protection Policy","Deze bestelling voldoet niet aan de voorwaarde voor verkopersbescherming"
"There is a virtual product included in the order, which is not supported by Seller Protection.","Er is een virtueel product aanwezig in de order, waardoor er geen verkopersbescherming van toepassing kan zijn."
"The order consists of virtual product(s) , which is not supported by Seller Protection.","De bestelling bestaat enkel uit virtueel product(en), welke niet wordt ondersteund door Paypals verkopersbescherming."
"Seller protection eligible","Verkopersbescherming volledig toegekend"
"Seller protection enabled","Maak gebruik van verkopersbescherming"
"Seller protection for unauthorized payment and item not received","Verkopersbescherming wordt toegekend voor ongeauthorizeerde betaling en niet ontvangen goederen"
"Seller protection item not received","Verkopersbescherming niet ontvangen goederen"
"Seller protection for item not received","Verkopersbescherming wordt toegekend voor niet ontvangen goederen"
"Seller protection unauthorized payment","Verkopersbescherming ongeauthoriseerde betaling"
"Seller protection for unauthorized payment","Verkopersbescherming wordt toegekend voor ongeauthoriseerde betaling"
"Seller protection ineligible","Geen verkopersbescherming"
"Merchant is not protected by Seller Protection","De winkelier heeft geen recht op verkopersbescherming"
"You have enabled PayPal Seller Protection. This feature requires Region with regard to the shipping address of the customer. Please select the specific countries to which PayPal is applicable for, and make the Regions required accordingly.","PayPal vereist om geinformeerd te worden over de provincie waar de klant woonachtig is. U dient hierbij het provincie-veld voor de klant te verplichten. Selecteer hiervoor de specifieke landen waar PayPal van toe passing is, en maak de provincie-velden voor die landen verplicht."
"Min order amount (in Base Currency)","Min order bedrag (in basis munteenheid)"
"Minimum order amount allowed.","De betaalmethode wordt niet getoond onder min. bedrag"
"The payment method show only for orders with an order amount greater than the minimum amount.","De betaalmethode wordt alleen getoond bij orders met een totaal boven de minimale orderwaarde."
"You have enabled PayPal Seller Protection. This feature requires Region with regard to the shipping address of the customer. Please select the specific countries to which PayPal is applicable for, and make the Regions required accordingly.","U maakt gebruik van PayPal verkopersbescherming. Om de betaling met PayPal mogelijk te maken, moet u ervoor zorgen dat uw klant de provincie-velden bij diens gegevens invult."
"WARNING: Paypal Seller Protection requires additional configuration. Please consult Buckaroo for more information.","LET OP: Het gebruik van de PayPal verkopersbescherming vereist aanvullende instellingen in de configuratie van Magento. Raadpleeg Buckaroo voor meer informatie."
"EPS","EPS"
"Send order confirmation email","Verstuur order bevestigings email"
"Activate to send an order confirmation e-mail when the order has been successfully placed. Specific for this payment method. This does not automatically mean that the payment has been made (yet).","Activeer om een orderbevestigingsemail te versturen wanneer de order succesvol is afgerond. Specifiek voor deze betaalmethode. Dit betekent niet automatisch dat de betaling ook (al) geslaagd is."
"Status Success received for order %s while the order currently the status %s has.","Voor order %s is de status Success ontvangen terwijl de order de status %s heeft."
"here","hier"
"Convert your account number to IBAN %s","Converteer nu %s uw rekeningnummer naar IBAN."
"Please enter these fields as they appear on your bank account.","Vul de velden in zoals in uw bank account staat aangegeven."
"BIC number","BIC code"
"Please enter a valid IBAN.","Vul een geldig IBAN in."
"Mandate reference: %s","Mandaat referentie: %s"
"The customer attempted to pay this order using %s, but cancelled the payment.","De klant heeft geprobeerd de bestelling te betalen met %s, maar heeft de transactie geannuleerd."
"Note: By creating a credit-note for this order does not mean this order will actually be refunded.\n To refund this order please go to the Payment Plaza and do it manually.","Wanneer u deze functionaliteit activeert, dan wordt er automatisch een creditnota in de Payment Plaza aangemaakt als u een creditnota aanmaakt in Magento. Let op! Er wordt niet automatisch een refund aangemaakt in de Payment Plaza in het geval er al betaald is. De refund kan alsnog handmatig in het Payment Plaza worden uitgevoerd."
"Note: By creating a credit-note for this order does not mean this order will actually be refunded.\n To refund this order please go to the Payment Plaza and do it manually.".""
"Currently the option to create a creditnote with a Paymentguarantee transaction is disabled.", "Op dit moment staat de optie uitgeschakeld om een credit nota aan te maken op een BetaalGarant transactie."
"Enable Credit Note functionality","Activeer Credit nota functionaliteit"
"When enabling this setting, it is possible to create a creditnote in Payment Plaza. Note that it does not constitute a refund. You have to create a refund manually in the Payment Plaza.","Wanneer u deze functionaliteit activeert, dan wordt er automatisch een creditnota in de Payment Plaza aangemaakt als u een creditnota aanmaakt in Magento. Let op!  Er wordt niet automatisch een refund aangemaakt in de Payment Plaza ingeval er al betaald is. De refund kan alsnog handmatig in de Payment Plaza worden uitgevoerd."
"Enable this setting to create a credit note in the Payment Plaza when creating a creditmemo in Magento.","Activeer deze instelling om een credit nota te kunnen aanmaken wanneer er in Magento een creditmemo aangemaakt wordt."
"No SecureCode order status", "Orderstatus voor niet SecureCode orders"
"Verify address", "Adres validatie"
"Set true to verify the address at American Express. Set false to disable address verification","Zet op ja om het verzend en factuur adres te valideren bij American Express."
"Select which giftcards are available to the customer. You can add new cards in System > Buckaroo giftcards","Selecteer welke cadeaukaarten beschikbaar zijn voor de consument. Nieuwe cadeaukaarten kunnen via Systeem > Buckaroo giftcards worden toegevoegd."
"Hold orders which have no Carte Bancaire SecureCode.","Orders zonder Carte Bancaire SecureCode worden 'onhold' gezet."
"Hold orders which have no Carte Bleue SecureCode.","Orders zonder Carte Bleue SecureCode worden 'onhold' gezet."
"A technical error has occurred. Please try again. If this problem persists, please contact the shop owner.","Er is een technische fout opgetreden. Probeer het opnieuw. Als het probleem zich blijft voordoen neem dan contact op met de shopbeheerder."
"The above amount is calculated based on de Tax settings in System > Configuration > Sales > Tax.","Dit bedrag wordt berekend op basis van de BTW instellingen in: Systeem > Verkoop > Belasting"
"This label will be displayed next to the fee on the checkout, order, invoice and creditmemo pages and pdfs.","Het label wordt getoond naast de betaaltoeslag tijdens de checkout en op de order, invoice, creditmemo pagina's en PDF."
"Company Name","Bedrijfsnaam"
"COC Number","KvK nummer"
"High VAT tax classes","BTW Hoog tarief"
"Middle VAT tax classes","BTW Middel tarief"
"Low VAT tax classes","BTW Laag tarief"
"Zero VAT tax classes","BTW nul tarief"
"No VAT tax classes","Geen BTW tarief"
"Afterpay payment method","Afterpay betaalmethode"
"Set Business","Zet business methode"
"Select which paymethod must be used at Afterpay","Selecteer welke betaalmethode er gebruikt moet worden voor Afterpay"
"When B2B is selected, some additional fields are required for the customer to fill in.","Wanneer B2B is geselecteerd, worden er een paar addionele velden verplicht voor de klant om in te vullen."
"Select which tax classes count as 'high' VAT","Selecteer welke BTW tarief als 'hoog' geclassificeerd kan worden."
"Select which tax classes count as 'middle' VAT","Selecteer welke BTW tarief als 'middel' geclassificeerd kan worden."
"Select which tax classes count as 'low' VAT","Selecteer welke BTW tarief als 'laag' geclassificeerd kan worden."
"Select which tax classes count as 'zero' VAT","Selecteer welke BTW tarief als 'nul' geclassificeerd kan worden."
"Select which tax classes count as 'no' VAT","Selecteer welke BTW tarief als 'geen' geclassificeerd kan worden."
TIG_Buckaroo3Extended::Subtotal,Subtotaal
TIG_Buckaroo3Extended::Subtotal incl. tax,Subtotaal incl. BTW
TIG_Buckaroo3Extended::Grand total,Groot totaal
TIG_Buckaroo3Extended::Fee percentage mode,Toeslag percentage modus
"TIG_Buckaroo3Extended::This setting only applies to percentage-based Buckaroo fee's.<br />Please choose over which amount the fee percentage is calculated.","Deze instelling is enkel van toepassing op percentage-gebaseerde toeslagen.<br />Kies s.v.p. over welk bedrag het toeslag percentage wordt berekend."
"We are sorry to inform you that the request to pay afterwards with AfterPay is not possible at this time. This can be due to various (temporary) reasons.<br/><br/> For questions about your rejection you can contact the customer service of AfterPay. Or you can visit the website of AfterPay and click 'Frequently asked questions' through this link <a href='http://www.afterpay.nl/page/consument-faq'>http://www.afterpay.nl/page/consument-faq</a> in the section 'Datacontrol'.<br/><br/> We advice you to choose a different payment method to complete your order.","Het spijt ons u te moeten mededelen dat uw aanvraag om uw bestelling achteraf te betalen op dit moment niet door AfterPay wordt geaccepteerd. Dit kan om diverse (tijdelijke) redenen zijn.<br/><br/>Voor vragen over uw afwijzing kunt u contact opnemen met de Klantenservice van AfterPay. Of kijk op de website van AfterPay bij 'Veelgestelde vragen' via de link  <a href='http://www.afterpay.nl/page/consument-faq'>http://www.afterpay.nl/page/consument-faq</a> onder het kopje 'Gegevenscontrole'.<br/><br/>Wij adviseren u voor een andere betaalmethode te kiezen om alsnog de betaling van uw bestelling af te ronden."
TIG_Buckaroo3Extended::Fee,Betaaltoeslag
TIG_Buckaroo3Extended::Fee label, Betaaltoeslag label
"Payment rejected","Betaling geweigerd"
"Tax class for Buckaroo Payment fee", "Belasting tarief voor de Buckaroo betaaltoeslag"
"This tax class will be used when calculating the tax for the Buckaroo Payment fee.","Het geselecteerde belasting tarief zal gebruikt worden in de berekening om de betaaltoeslag te berekenen."
"Whether the Buckaroo Payment fee you have entered is incl. or excl. tax.","Selecteer hier of de ingevoerde betaaltoeslag inclusief of exclusief BTW is."
"Display Buckaroo Payment fee","Laat de Buckaroo betaaltoeslag zien"
"The payment has been rejected, please try again or select a different paymentmethod.","De betaling is afgewezen, probeer het opnieuw of selecteer een andere betaalmethode."
"Your payment was unsuccessful, cancelled by the merchant. Please contact the shop owner.","Uw betaling was niet succesvol, deze is geannuleerd. Als het probleem zich blijft voordoen neem dan contact op met de shopbeheerder."
"Your payment was unsuccessful, cancelled by consumer.","Uw betaling is volgens ons systeem door u geannuleerd. Mocht dit niet het geval zijn, neem dan contact op met de shopbeheerder."
"A validation error has occurred. Please try again. If this problem persists, please contact the shop owner.","Er is een validatie fout opgetreden. Probeer het opnieuw. Als het probleem zich blijft voordoen neem dan contact op met de shopbeheerder."
"Please read first our knowledge base article about this setting: <a href='https://servicedesk.tig.nl/hc/nl/articles/221318687' target='_blank'>More information about custom error messages</a>.","Lees eerst even ons artikel over deze instelling: <a href='https://servicedesk.tig.nl/hc/nl/articles/221318687' target='_blank'>Meer uitleg over aangepaste foutmelding teksten</a>."
"Set response message for an payment failure.","Bericht wanneer een betaling mislukt."
"Payment failure","Betaling mislukt"
"Validation error","Validatie error"
"Set response message for an validation error.","Bericht wanneer een validatie error teruggekoppeld wordt"
"Technical error","Technische error"
"Set response message for an technical error.","Bericht wanneer een technische error teruggekoppeld wordt"
"Payment rejected","Betaling afgewezen"
"Set response message for an rejected payment","Bericht wanneer een betaling afgewezen is"
"Canceled by user","Geanuleerd door klant"
"Set response message for an payment canceled by the consumer","Bericht wanneer de klant de betaling heeft geannuleerd"
"Canceled by merchant","Geannuleerd door shop eigenaar"
"Set response message for an payment canceled by the merchant","Bericht wanneer de shop eigenaar de betaling heeft geannuleerd"
"Default message","Standaard bericht"
"Set response message for the default message when a payment fails but there is no response code.","Bericht wanneer een betaling is mislukt, maar er geen code teruggekoppeld is."
"Custom default error messages","Aangepaste foutmelding teksten"
"Payment flow","Betaalflow"
"Whether to use separate authorize and capture calls or to use a combined 'pay' call.","Of er een aparte authorize en capture call gedaan wordt of dat er een samengestelde 'pay' call gebruikt wordt."
"Combined","Samengesteld"
"Separate authorize and capture","Losse authorize en capture"
"Send invoice by","Verstuur factuur via"
"Select how Klarna should send the invoice. Please note that Klarna charges a fee when the invoice is send by mail.","Selecteer hoe de factuur door Klarna verstuurd wordt. Klarna zal extra kosten rekenen wanneer er via mail verstuurd wordt."
"By e-mail","Via e-mail"
"By mail (Includes fee from Klarna)","Via mail (Extra kosten van klarna inbegrepen)"
"Klarna is doing an additional check. The status will be known within 24 hours.","Klarna voert een extra controle uit. De status zal binnen 24 uur bekend worden."
"Klarna has rejected the payment request. Please check the Buckaroo Payment Plaza for additional information.","Klarna heeft de betaling afgewezen. U kunt in de Payment Plaza additionele informatie vinden."
"Unique User-Agent","Unieke User-Agent"
"The payment method will be shown only when the User-Agent matches this configuration value. The payment method will always be shown when this value is empty.","De betaalmethode zal alleen getoond worden wanneer de User-Agent met deze waarde overeenkomt. De betaalmethode wordt altijd getoond wanneer deze waarde leeg is."
"%sInvoice payment terms%s","%sFactuurvoorwaarden%s"
"Please note: when choosing a different billing and shipping address, the first name, the last name and country have to be the same for both addresses when paying with Klarna.","Let op: bij een verschil in factuur- en verzendadres dienen de voornaam, achternaam en het land hetzelfde te zijn bij beide adressen ingeval er voor Klarna gekozen wordt."
"Your request to pay with Capayable has been rejected. For questions about the rejection, please contact Capayable Customer Service: <a href='https://www.capayable.com/klantenservice' target='_blank'>https://www.capayable.com/klantenservice</a>. You can also choose to select a different payment method.","Helaas kan uw aanvraag om met Capayable te betalen momenteel niet worden geaccepteerd. Voor vragen over uw afwijzing kunt u contact opnemen met de Klantenservice van Capayable: <a href='https://www.capayable.com/klantenservice' target='_blank'>https://www.capayable.com/klantenservice</a>. U kunt er ook voor kiezen om uw bestelling met een andere betaalmethode te betalen."
"TIG_Buckaroo3Extended::Netherlands","Nederland"
"TIG_Buckaroo3Extended::Select","Selecteer"
"TIG_Buckaroo3Extended::Order As","Bestellen als"
"TIG_Buckaroo3Extended::Private","Particulier"
"TIG_Buckaroo3Extended::Company","Bedrijf"
"TIG_Buckaroo3Extended::One-man business","Eenmanszaak"
"KBC / CBC","KBC / CBC"
"Przelewy24","Przelewy24"
"In3 version","In3 versie"
"The In3 version can be found in your Capayable contract.","De In3 versie is terug te vinden in uw Capayable contract."
"Afterpay (old)","Afterpay (oud)"
"Afterpay 2 (old)","Afterpay 2 (oud)"
"(Or click here for the French translation: %sterms and condition%s.)","(Of klik hier voor de Franse vertaling:: %saanvullende voorwaarden%s.)"
"Card number","Kaartnummer"
"Expiration","Vervaldatum"
"Select a month","Selecteer een maand"
"01 - January","01 - januari"
"02 - February","02 - februari"
"03 - March","03 - maart"
"04 - April","04 - april"
"05 - May","05 - mei"
"06 - June","06 - juni"
"07 - July","07 - juli"
"08 - August","08 - augustus"
"09 - September","09 - september"
"10 - October","10 - oktober"
"11 - November","11 - november"
"12 - December","12 - december"
"Year","Jaar"
"Name cardholder","Naam kaarthouder"
"Name","Naam"
"CVV or CVC. <br/><br/>","CVV of CVC. <br/><br/>"
"A 3 or 4 digit code located to the right of signature strip on the back of your card, separate from the card number.","Een code van 3 of 4 cijfers rechts van de handtekeningstrook op de achterkant van uw kaart, los van het kaartnummer."
"Security code","Beveiligingscode"
"Select accepted credit cards.","Selecteer geaccepteerde creditcards."
"Accepted creditcards","Geaccepteerde creditcards"
"Enable or disable creditcard design.","Schakel het creditcardontwerp in of uit."
"Month","Maand"
"Card","Kaart"
"Please choose","Kies een kaart"
"Select a year","Kies een jaar"
"Select a month","Kies een maand"
"Refund amount not enough. Try refund offline and via Buckaroo plaza.","Refundbedrag niet genoeg. Probeer een offline refund en via Buckaroo Plaza."
"Cannot calculate how to do this refund. Try refund offline and via Buckaroo plaza.","Kan niet berekenen hoe deze refund moet worden gedaan. Probeer een offline refund en via Buckaroo Plaza."
"The Credit Memo was not created: a refund could not be made for some partial transactions. Check in the <a href='%s' target='_blank'>Buckaroo Plaza</a> which refunds were successful. If necessary, create an offline Credit Memo for the amount that has been refunded to match your administration.","De Credit Memo is niet aangemaakt: voor sommige deeltransacties kon geen refund worden gedaan. Controleer in de <a href='%s' target='_blank'>Buckaroo Plaza</a> welke refunds geslaagd zijn. Maak eventueel voor het bedrag dat wel gerefund is, een offline Credit Memo aan om uw administratie overeen te laten komen."
"TIG_Buckaroo3Extended::subTotal","Subtotaal"
"TIG_Buckaroo3Extended::Delivery costs","Verzendkosten"
"TIG_Buckaroo3Extended::Payment fee","Betaaltoeslag"
"TIG_Buckaroo3Extended::Discount","Korting"

